ID,Time,Solution,Expected Solution,Number of Vertices,Number of vertices expected,Valid Solution
1,0.0004057884216308594,"[0, 3, 7, 8, 10, 12, 14, 23, 28, 29]","[4, 9, 13, 14, 15, 24, 27, 29, 30]",10,9,True
2,0.0003719329833984375,"[0, 3, 7, 8, 10, 12, 14, 23, 28, 29]","[4, 9, 13, 14, 15, 24, 27, 29, 30]",10,9,True
3,0.0003898143768310547,"[0, 3, 7, 8, 10, 12, 14, 23, 28, 29]","[4, 9, 13, 14, 15, 24, 27, 29, 30]",10,9,True
4,0.00038886070251464844,"[0, 3, 7, 8, 10, 12, 14, 23, 28, 29]","[4, 9, 13, 14, 15, 24, 27, 29, 30]",10,9,True
5,0.00038504600524902344,"[0, 3, 7, 8, 10, 12, 14, 23, 28, 29]","[4, 9, 13, 14, 15, 24, 27, 29, 30]",10,9,True
6,0.0003991127014160156,"[0, 3, 7, 8, 10, 12, 14, 23, 28, 29]","[4, 9, 13, 14, 15, 24, 27, 29, 30]",10,9,True
7,0.0004379749298095703,"[3, 8, 10, 12, 14, 23, 26, 28, 29]","[4, 9, 13, 14, 15, 24, 27, 29, 30]",9,9,True
8,0.00039124488830566406,"[0, 3, 7, 8, 10, 12, 14, 23, 28, 29]","[4, 9, 13, 14, 15, 24, 27, 29, 30]",10,9,True
9,0.0004017353057861328,"[0, 3, 7, 8, 10, 12, 14, 23, 28, 29]","[4, 9, 13, 14, 15, 24, 27, 29, 30]",10,9,True
10,0.0004191398620605469,"[3, 8, 10, 14, 24, 26, 27, 28, 29]","[4, 9, 13, 14, 15, 24, 27, 29, 30]",9,9,True
11,0.00040912628173828125,"[0, 3, 7, 8, 10, 12, 14, 23, 28, 29]","[4, 9, 13, 14, 15, 24, 27, 29, 30]",10,9,True
12,0.0004038810729980469,"[0, 3, 7, 8, 10, 12, 14, 23, 28, 29]","[4, 9, 13, 14, 15, 24, 27, 29, 30]",10,9,True
13,0.00042176246643066406,"[0, 3, 7, 8, 10, 12, 14, 23, 28, 29]","[4, 9, 13, 14, 15, 24, 27, 29, 30]",10,9,True
14,0.0003781318664550781,"[0, 3, 7, 8, 10, 12, 14, 23, 28, 29]","[4, 9, 13, 14, 15, 24, 27, 29, 30]",10,9,True
15,0.00038695335388183594,"[0, 3, 7, 8, 10, 12, 14, 23, 28, 29]","[4, 9, 13, 14, 15, 24, 27, 29, 30]",10,9,True
16,0.0004050731658935547,"[0, 3, 7, 8, 10, 12, 14, 23, 28, 29]","[4, 9, 13, 14, 15, 24, 27, 29, 30]",10,9,True
17,0.0004138946533203125,"[0, 3, 7, 8, 10, 12, 14, 23, 28, 29]","[4, 9, 13, 14, 15, 24, 27, 29, 30]",10,9,True
18,0.0003910064697265625,"[0, 3, 7, 8, 10, 12, 14, 23, 28, 29]","[4, 9, 13, 14, 15, 24, 27, 29, 30]",10,9,True
19,0.0003960132598876953,"[0, 3, 7, 8, 10, 12, 14, 23, 28, 29]","[4, 9, 13, 14, 15, 24, 27, 29, 30]",10,9,True
20,0.000408172607421875,"[0, 3, 7, 8, 10, 12, 14, 23, 28, 29]","[4, 9, 13, 14, 15, 24, 27, 29, 30]",10,9,True
21,0.17531704902648926,"[3, 8, 10, 12, 14, 23, 26, 28, 29]","[4, 9, 13, 14, 15, 24, 27, 29, 30]",9,9,True
22,0.3186659812927246,"[3, 8, 10, 12, 14, 23, 26, 28, 29]","[4, 9, 13, 14, 15, 24, 27, 29, 30]",9,9,True
23,0.5149219036102295,"[3, 8, 10, 12, 14, 23, 26, 28, 29]","[4, 9, 13, 14, 15, 24, 27, 29, 30]",9,9,True
24,0.4572749137878418,"[3, 8, 10, 12, 14, 23, 26, 28, 29]","[4, 9, 13, 14, 15, 24, 27, 29, 30]",9,9,True
25,0.46105408668518066,"[3, 8, 10, 12, 14, 23, 26, 28, 29]","[4, 9, 13, 14, 15, 24, 27, 29, 30]",9,9,True
26,0.4641420841217041,"[3, 8, 10, 12, 14, 23, 26, 28, 29]","[4, 9, 13, 14, 15, 24, 27, 29, 30]",9,9,True
27,0.37607383728027344,"[3, 8, 10, 12, 14, 23, 26, 28, 29]","[4, 9, 13, 14, 15, 24, 27, 29, 30]",9,9,True
28,0.4419999122619629,"[3, 8, 10, 12, 14, 23, 26, 28, 29]","[4, 9, 13, 14, 15, 24, 27, 29, 30]",9,9,True
29,0.5638258457183838,"[3, 8, 10, 12, 14, 23, 26, 28, 29]","[4, 9, 13, 14, 15, 24, 27, 29, 30]",9,9,True
30,0.5878057479858398,"[3, 8, 10, 12, 14, 23, 26, 28, 29]","[4, 9, 13, 14, 15, 24, 27, 29, 30]",9,9,True
31,0.5008471012115479,"[3, 8, 10, 12, 14, 23, 26, 28, 29]","[4, 9, 13, 14, 15, 24, 27, 29, 30]",9,9,True
32,0.2484300136566162,"[3, 8, 10, 12, 14, 23, 26, 28, 29]","[4, 9, 13, 14, 15, 24, 27, 29, 30]",9,9,True
33,0.5381817817687988,"[3, 8, 10, 12, 14, 23, 26, 28, 29]","[4, 9, 13, 14, 15, 24, 27, 29, 30]",9,9,True
34,0.49571681022644043,"[3, 8, 10, 12, 14, 23, 26, 28, 29]","[4, 9, 13, 14, 15, 24, 27, 29, 30]",9,9,True
35,0.47781801223754883,"[3, 8, 10, 12, 14, 23, 26, 28, 29]","[4, 9, 13, 14, 15, 24, 27, 29, 30]",9,9,True
36,0.45243334770202637,"[3, 8, 10, 12, 14, 23, 26, 28, 29]","[4, 9, 13, 14, 15, 24, 27, 29, 30]",9,9,True
37,0.32376694679260254,"[3, 8, 10, 12, 14, 23, 26, 28, 29]","[4, 9, 13, 14, 15, 24, 27, 29, 30]",9,9,True
38,0.44258809089660645,"[3, 8, 10, 12, 14, 23, 26, 28, 29]","[4, 9, 13, 14, 15, 24, 27, 29, 30]",9,9,True
39,0.553886890411377,"[3, 8, 10, 12, 14, 23, 26, 28, 29]","[4, 9, 13, 14, 15, 24, 27, 29, 30]",9,9,True
40,0.656959056854248,"[3, 8, 10, 12, 14, 23, 26, 28, 29]","[4, 9, 13, 14, 15, 24, 27, 29, 30]",9,9,True
41,0.2735707759857178,"[3, 8, 10, 12, 14, 23, 26, 28, 29]","[4, 9, 13, 14, 15, 24, 27, 29, 30]",9,9,True
42,0.46741509437561035,"[3, 8, 10, 12, 14, 23, 26, 28, 29]","[4, 9, 13, 14, 15, 24, 27, 29, 30]",9,9,True
43,0.410825252532959,"[3, 8, 10, 12, 14, 23, 26, 28, 29]","[4, 9, 13, 14, 15, 24, 27, 29, 30]",9,9,True
44,0.549957275390625,"[3, 8, 10, 12, 14, 23, 26, 28, 29]","[4, 9, 13, 14, 15, 24, 27, 29, 30]",9,9,True
45,0.46283507347106934,"[3, 8, 10, 12, 14, 23, 26, 28, 29]","[4, 9, 13, 14, 15, 24, 27, 29, 30]",9,9,True
46,0.5097689628601074,"[3, 8, 10, 12, 14, 23, 26, 28, 29]","[4, 9, 13, 14, 15, 24, 27, 29, 30]",9,9,True
47,0.8475997447967529,"[3, 8, 10, 12, 14, 23, 26, 28, 29]","[4, 9, 13, 14, 15, 24, 27, 29, 30]",9,9,True
48,0.8344409465789795,"[3, 8, 10, 12, 14, 23, 26, 28, 29]","[4, 9, 13, 14, 15, 24, 27, 29, 30]",9,9,True
49,0.5623340606689453,"[3, 8, 10, 12, 14, 23, 26, 28, 29]","[4, 9, 13, 14, 15, 24, 27, 29, 30]",9,9,True
50,0.646953821182251,"[3, 8, 10, 12, 14, 23, 26, 28, 29]","[4, 9, 13, 14, 15, 24, 27, 29, 30]",9,9,True
51,0.6775350570678711,"[3, 8, 10, 12, 14, 23, 26, 28, 29]","[4, 9, 13, 14, 15, 24, 27, 29, 30]",9,9,True
52,0.6048650741577148,"[3, 8, 10, 12, 14, 23, 26, 28, 29]","[4, 9, 13, 14, 15, 24, 27, 29, 30]",9,9,True
53,0.8602161407470703,"[3, 8, 10, 12, 14, 23, 26, 28, 29]","[4, 9, 13, 14, 15, 24, 27, 29, 30]",9,9,True
54,1.0166878700256348,"[3, 8, 10, 12, 14, 23, 26, 28, 29]","[4, 9, 13, 14, 15, 24, 27, 29, 30]",9,9,True
55,0.5649609565734863,"[3, 8, 10, 12, 14, 23, 26, 28, 29]","[4, 9, 13, 14, 15, 24, 27, 29, 30]",9,9,True
56,0.4369070529937744,"[3, 8, 10, 12, 14, 23, 26, 28, 29]","[4, 9, 13, 14, 15, 24, 27, 29, 30]",9,9,True
57,0.43289685249328613,"[3, 8, 10, 12, 14, 23, 26, 28, 29]","[4, 9, 13, 14, 15, 24, 27, 29, 30]",9,9,True
58,0.7448887825012207,"[3, 8, 10, 12, 14, 23, 26, 28, 29]","[4, 9, 13, 14, 15, 24, 27, 29, 30]",9,9,True
59,0.6076569557189941,"[3, 8, 10, 12, 14, 23, 26, 28, 29]","[4, 9, 13, 14, 15, 24, 27, 29, 30]",9,9,True
60,0.6535649299621582,"[3, 8, 10, 12, 14, 23, 26, 28, 29]","[4, 9, 13, 14, 15, 24, 27, 29, 30]",9,9,True
